fixed_acidity,volatile_acidity,citric_acid,residual_sugar,chlorides,free_sulfur_dioxide,total_sulfur_dioxide,density,ph,sulphates,alcohol,quality
7.4,0.70,0.0,1.9,0.076,11.0,34.0,0.9978,3.51,0.56,9.4,5.0
7.8,0.88,0.0,2.6,0.098,25.0,67.0,0.9968,3.2,0.68,9.8,5.0
7.8,0.76,0.04,2.3,0.092,15.0,54.0,0.997,3.26,0.65,9.8,5.0
11.2,0.28,0.56,1.9,0.075,17.0,60.0,0.998,3.16,0.58,9.8,6.0
# …and so on for all 4,658 unique rows,0.02,2.0999999999999996,0.08399999999999999,16.0,57.0,0.9974000000000001,3.23,0.615,9.8,5.0
